{
    "$schema": "https://schema.management.azure.com/schemas/2019-04-01/deploymentParameters.json#",
    "contentVersion": "1.0.0.0",
    "parameters": {
        "deployAzureBastion": {
            "value": false
        },
        "vWanConfig": {
            "value": {
                "resourceGroupName": "cis-am-cus-vwan-001",
                "resourceGroupLocation": "centralus",
                "vWanName": "cis-am-cus-vwan-001",
                "allowBranchToBranchTraffic": true,
                "allowVnetToVnetTraffic": true,
                "type": "Standard"
            }
        },
        "vWanHubs": {
            "value": [
                {
                    "vHubName": "cis-am-cus-vhub-001",
                    "location": "centralus",
                    "vHubAddressPrefix": "10.234.0.0/22",
                    "deployErGateway": false,
                    "erGatewayScaleUnit": 1,
                    "deploySecuredHub": false,
                    "azureFirewallSkuTier": "Standard",
                    "deployVpnGateway": false,
                    "vpnGatewayScaleUnit": 1,
                    "deployP2SGateway": false,
                    "p2sGatewayScaleUnit": 1,
                    "p2sAddressPrefix": "172.16.1.0/24",
                    "spokeVnets": [
                        {
                            "subscriptionId": "94f31e2a-60f8-47f7-b302-d6e75f0926fb",
                            "resourceGroupName": "cis-am-cus-vnet-hub-001",
                            "resourceGroupLocation": "centralus",
                            "vnetName": "cis-am-cus-vhub-001",
                            "vnetAddressSpace": "10.234.4.0/22",
                            "dnsServers": [],
                            "subnets": [
                                {
                                    "name": "cis-am-cus-prod-subnet-001",
                                    "addressPrefix": "10.234.4.0/24",
                                    "serviceEndpoints": []
                                },
                                {
                                    "name": "cis-am-cus-prod-subnet-002",
                                    "addressPrefix": "10.234.5.0/24",
                                    "serviceEndpoints": []
                                },
                                {
                                    "name": "cis-am-cus-prod-subnet-003",
                                    "addressPrefix": "10.234.6.0/24",
                                    "serviceEndpoints": []
                                },
                                {
                                    "name": "cis-am-cus-prod-subnet-004",
                                    "addressPrefix": "10.234.7.0/24",
                                    "serviceEndpoints": []
                                }
                            ]
                        },
                        {
                            "subscriptionId": "81a74699-9c23-4971-95af-14f382747bcf",
                            "resourceGroupName": "cis-am-cus-vnet-hub-001",
                            "resourceGroupLocation": "centralus",
                            "vnetName": "cis-am-cus-vnet-management-001",
                            "vnetAddressSpace": "10.234.32.0/24",
                            "dnsServers": [],
                            "subnets": [
                                {
                                    "name": "cis-am-cus-management-subnet-001",
                                    "addressPrefix": "10.234.32.0/24",
                                    "serviceEndpoints": []
                                }
                            ]
                        },
                        {
                            "subscriptionId": "44398475-d75b-4690-99ec-b59715869e77",
                            "resourceGroupName": "cis-am-cus-vnet-hub-001",
                            "resourceGroupLocation": "centralus",
                            "vnetName": "cis-am-cus-vnet-vdi-001",
                            "vnetAddressSpace": "10.234.33.0/22",
                            "dnsServers": [],
                            "subnets": [
                                {
                                    "name": "cis-am-cus-prod-vdi-subnet-001",
                                    "addressPrefix": "10.234.33.0/24",
                                    "serviceEndpoints": []
                                },
                                {
                                    "name": "cis-am-cus-prod-vdi-subnet-002",
                                    "addressPrefix": "10.234.34.0/24",
                                    "serviceEndpoints": []
                                },
                                {
                                    "name": "cis-am-cus-prod-vdi-subnet-003",
                                    "addressPrefix": "10.234.35.0/24",
                                    "serviceEndpoints": []
                                }
                            ]
                        },
                        {
                            "subscriptionId": "68f85fbc-c50d-4fcb-bd96-e181a652956c",
                            "resourceGroupName": "cis-am-cus-vnet-hub-001",
                            "resourceGroupLocation": "centralus",
                            "vnetName": "cis-am-cus-vnet-stage-001",
                            "vnetAddressSpace": "10.234.60.0/23",
                            "dnsServers": [],
                            "subnets": [
                                {
                                    "name": "cis-am-cus-stage-vdi-subnet-001",
                                    "addressPrefix": "10.234.60.0/24",
                                    "serviceEndpoints": []
                                },
                                {
                                    "name": "cis-am-cus-stage-vdi-subnet-002",
                                    "addressPrefix": "10.234.61.0/24",
                                    "serviceEndpoints": []
                                }
                            ]
                        },
                        {
                            "subscriptionId": "209e54df-d6ff-46c5-a707-c1682ad2bf65",
                            "resourceGroupName": "cis-am-cus-vnet-hub-001",
                            "resourceGroupLocation": "centralus",
                            "vnetName": "cis-am-cus-vnet-stage-002",
                            "vnetAddressSpace": "10.234.62.0/23",
                            "dnsServers": [],
                            "subnets": [
                                {
                                    "name": "cis-am-cus-stage-vdi-subnet-003",
                                    "addressPrefix": "10.234.62.0/24",
                                    "serviceEndpoints": []
                                },
                                {
                                    "name": "cis-am-cus-stage-vdi-subnet-004",
                                    "addressPrefix": "10.234.63.0/24",
                                    "serviceEndpoints": []
                                }
                            ]
                        }
                    ]
                },
                {
                    "vHubName": "cis-eu-gwc-vhub-001",
                    "location": "germanywestcentral",
                    "vHubAddressPrefix": "10.237.0.0/22",
                    "deployErGateway": false,
                    "erGatewayScaleUnit": 1,
                    "deploySecuredHub": false,
                    "azureFirewallSkuTier": "Standard",
                    "deployVpnGateway": false,
                    "vpnGatewayScaleUnit": 1,
                    "deployP2SGateway": false,
                    "p2sGatewayScaleUnit": 1,
                    "p2sAddressPrefix": "172.16.2.0/24",
                    "spokeVnets": [
                        {
                            "subscriptionId": "94f31e2a-60f8-47f7-b302-d6e75f0926fb",
                            "resourceGroupName": "cis-eu-gwc-vnet-hub-001",
                            "resourceGroupLocation": "germanywestcentral",
                            "vnetName": "cis-eu-gwc-vnet-prod-001",
                            "vnetAddressSpace": "10.237.4.0/22",
                            "dnsServers": [],
                            "subnets": [
                                {
                                    "name": "cis-eu-gwc-prod-subnet-001",
                                    "addressPrefix": "10.237.4.0/24",
                                    "serviceEndpoints": []
                                },
                                {
                                    "name": "cis-eu-gwc-prod-subnet-002",
                                    "addressPrefix": "10.237.5.0/24",
                                    "serviceEndpoints": []
                                },
                                {
                                    "name": "cis-eu-gwc-prod-subnet-003",
                                    "addressPrefix": "10.237.6.0/24",
                                    "serviceEndpoints": []
                                },
                                {
                                    "name": "cis-eu-gwc-prod-subnet-004",
                                    "addressPrefix": "10.237.7.0/24",
                                    "serviceEndpoints": []
                                }
                            ]
                        },
                        {
                            "subscriptionId": "81a74699-9c23-4971-95af-14f382747bcf",
                            "resourceGroupName": "cis-eu-gwc-vnet-hub-001",
                            "resourceGroupLocation": "germanywestcentral",
                            "vnetName": "cis-eu-gwc-vnet-management-001",
                            "vnetAddressSpace": "10.237.32.0/24",
                            "dnsServers": [],
                            "subnets": [
                                {
                                    "name": "cis-eu-gwc-management-subnet-001",
                                    "addressPrefix": "10.237.32.0/24",
                                    "serviceEndpoints": []
                                }
                            ]
                        },
                        {
                            "subscriptionId": "44398475-d75b-4690-99ec-b59715869e77",
                            "resourceGroupName": "cis-eu-gwc-vnet-hub-001",
                            "resourceGroupLocation": "germanywestcentral",
                            "vnetName": "cis-eu-gwc-vnet-vdi-001",
                            "vnetAddressSpace": "10.237.33.0/22",
                            "dnsServers": [],
                            "subnets": [
                                {
                                    "name": "cis-eu-gwc-prod-vdi-subnet-001",
                                    "addressPrefix": "10.237.33.0/24",
                                    "serviceEndpoints": []
                                },
                                {
                                    "name": "cis-eu-gwc-prod-vdi-subnet-002",
                                    "addressPrefix": "10.237.34.0/24",
                                    "serviceEndpoints": []
                                },
                                {
                                    "name": "cis-eu-gwc-prod-vdi-subnet-003",
                                    "addressPrefix": "10.237.35.0/24",
                                    "serviceEndpoints": []
                                }
                            ]
                        },
                        {
                            "subscriptionId": "68f85fbc-c50d-4fcb-bd96-e181a652956c",
                            "resourceGroupName": "cis-eu-gwc-vnet-hub-001",
                            "resourceGroupLocation": "germanywestcentral",
                            "vnetName": "cis-eu-gwc-vnet-stage-001",
                            "vnetAddressSpace": "10.237.60.0/23",
                            "dnsServers": [],
                            "subnets": [
                                {
                                    "name": "cis-eu-gwc-stage-vdi-subnet-001",
                                    "addressPrefix": "10.237.60.0/24",
                                    "serviceEndpoints": []
                                },
                                {
                                    "name": "cis-eu-gwc-stage-vdi-subnet-002",
                                    "addressPrefix": "10.237.61.0/24",
                                    "serviceEndpoints": []
                                }
                            ]
                        },
                        {
                            "subscriptionId": "209e54df-d6ff-46c5-a707-c1682ad2bf65",
                            "resourceGroupName": "cis-eu-gwc-vnet-hub-001",
                            "resourceGroupLocation": "germanywestcentral",
                            "vnetName": "cis-eu-gwc-vnet-stage-002",
                            "vnetAddressSpace": "10.237.62.0/23",
                            "dnsServers": [],
                            "subnets": [
                                {
                                    "name": "cis-eu-gwc-stage-vdi-subnet-003",
                                    "addressPrefix": "10.237.62.0/24",
                                    "serviceEndpoints": []
                                },
                                {
                                    "name": "cis-eu-gwc-stage-vdi-subnet-004",
                                    "addressPrefix": "10.237.63.0/24",
                                    "serviceEndpoints": []
                                }
                            ]
                        }
                    ]
                },
                {
                    "vHubName": "cis-ap-sea-vhub-001",
                    "location": "southeastasia",
                    "vHubAddressPrefix": "10.239.0.0/22",
                    "deployErGateway": false,
                    "erGatewayScaleUnit": 1,
                    "deploySecuredHub": false,
                    "azureFirewallSkuTier": "Standard",
                    "deployVpnGateway": false,
                    "vpnGatewayScaleUnit": 1,
                    "deployP2SGateway": false,
                    "p2sGatewayScaleUnit": 1,
                    "p2sAddressPrefix": "172.16.3.0/24",
                    "spokeVnets": [
                        {
                            "subscriptionId": "94f31e2a-60f8-47f7-b302-d6e75f0926fb",
                            "resourceGroupName": "cis-ap-sea-vnet-hub-001",
                            "resourceGroupLocation": "southeastasia",
                            "vnetName": "cis-ap-sea-vnet-prod-001",
                            "vnetAddressSpace": "10.239.4.0/22",
                            "dnsServers": [],
                            "subnets": [
                                {
                                    "name": "cis-ap-sea-prod-subnet-001",
                                    "addressPrefix": "10.239.4.0/24",
                                    "serviceEndpoints": []
                                },
                                {
                                    "name": "cis-ap-sea-prod-subnet-002",
                                    "addressPrefix": "10.239.5.0/24",
                                    "serviceEndpoints": []
                                },
                                {
                                    "name": "cis-ap-sea-prod-subnet-003",
                                    "addressPrefix": "10.239.6.0/24",
                                    "serviceEndpoints": []
                                },
                                {
                                    "name": "cis-ap-sea-prod-subnet-004",
                                    "addressPrefix": "10.239.7.0/24",
                                    "serviceEndpoints": []
                                }
                            ]
                        },
                        {
                            "subscriptionId": "81a74699-9c23-4971-95af-14f382747bcf",
                            "resourceGroupName": "cis-ap-sea-vnet-hub-001",
                            "resourceGroupLocation": "southeastasia",
                            "vnetName": "cis-ap-sea-vnet-management-001",
                            "vnetAddressSpace": "10.239.32.0/24",
                            "dnsServers": [],
                            "subnets": [
                                {
                                    "name": "cis-ap-sea-management-subnet-001",
                                    "addressPrefix": "10.239.32.0/24",
                                    "serviceEndpoints": []
                                }
                            ]
                        },
                        {
                            "subscriptionId": "44398475-d75b-4690-99ec-b59715869e77",
                            "resourceGroupName": "cis-ap-sea-vnet-hub-001",
                            "resourceGroupLocation": "southeastasia",
                            "vnetName": "cis-ap-sea-vnet-vdi-001",
                            "vnetAddressSpace": "10.239.33.0/22",
                            "dnsServers": [],
                            "subnets": [
                                {
                                    "name": "cis-ap-sea-prod-vdi-subnet-001",
                                    "addressPrefix": "10.239.33.0/24",
                                    "serviceEndpoints": []
                                },
                                {
                                    "name": "cis-ap-sea-prod-vdi-subnet-002",
                                    "addressPrefix": "10.239.34.0/24",
                                    "serviceEndpoints": []
                                },
                                {
                                    "name": "cis-ap-sea-prod-vdi-subnet-003",
                                    "addressPrefix": "10.239.35.0/24",
                                    "serviceEndpoints": []
                                }
                            ]
                        },
                        {
                            "subscriptionId": "68f85fbc-c50d-4fcb-bd96-e181a652956c",
                            "resourceGroupName": "cis-ap-sea-vnet-hub-001",
                            "resourceGroupLocation": "southeastasia",
                            "vnetName": "cis-ap-sea-vnet-stage-001",
                            "vnetAddressSpace": "10.239.60.0/23",
                            "dnsServers": [],
                            "subnets": [
                                {
                                    "name": "cis-ap-sea-stage-vdi-subnet-001",
                                    "addressPrefix": "10.239.60.0/24",
                                    "serviceEndpoints": []
                                },
                                {
                                    "name": "cis-ap-sea-stage-vdi-subnet-002",
                                    "addressPrefix": "10.239.61.0/24",
                                    "serviceEndpoints": []
                                }
                            ]
                        },
                        {
                            "subscriptionId": "209e54df-d6ff-46c5-a707-c1682ad2bf65",
                            "resourceGroupName": "cis-ap-sea-vnet-hub-001",
                            "resourceGroupLocation": "southeastasia",
                            "vnetName": "cis-ap-sea-vnet-stage-002",
                            "vnetAddressSpace": "10.239.62.0/23",
                            "dnsServers": [],
                            "subnets": [
                                {
                                    "name": "cis-ap-sea-stage-vdi-subnet-003",
                                    "addressPrefix": "10.239.62.0/24",
                                    "serviceEndpoints": []
                                },
                                {
                                    "name": "cis-ap-sea-stage-vdi-subnet-004",
                                    "addressPrefix": "10.239.63.0/24",
                                    "serviceEndpoints": []
                                }
                            ]
                        }
                    ]
                }              
            ]
        },
        "Tags": {
            "value": {
                "business_owner": "ethen daniel raj",
                "technical_owner": "elton germani",
                "business_unit": "100.804.6103.71630.000.3601", 
                "ticket": "sys-61622",
                "os-patching": "corpis",
                "software-patching": "corpis",
                "backup": "no",
                "product": "corpis",
                "environment": "staging"
            }
        }
    }
}